{"cameraMode":{"drawMode":0,"name":"Shaded","section":"Shading Mode"},"sceneLighting":true,"audioPlay":false,"sceneViewState":{"showFog":true,"showMaterialUpdate":false,"showSkybox":true,"showFlares":true,"showImageEffects":true,"showParticleSystems":true},"in2DMode":false,"pivot":{"x":-180.0,"y":0.5462499260902405,"z":0.0005116462707519531},"rotation":{"x":0.04867706447839737,"y":-0.7891286611557007,"z":0.6090549230575562,"w":0.06311587244272232},"size":10.26390266418457,"orthographic":false}