{"cameraMode":{"drawMode":0,"name":"Shaded","section":"Shading Mode"},"sceneLighting":true,"audioPlay":false,"sceneViewState":{"showFog":true,"showMaterialUpdate":false,"showSkybox":true,"showFlares":true,"showImageEffects":true,"showParticleSystems":true},"in2DMode":false,"pivot":{"x":-120.0,"y":0.6117501258850098,"z":0.007506847381591797},"rotation":{"x":-0.012279762886464596,"y":0.7200160026550293,"z":-0.6937333941459656,"w":-0.012745007872581482},"size":2.5973920822143556,"orthographic":false}